Description,Scientific Name,Taxid,Max Score,Total Score,Query Cover,E value,Per. ident,Acc. Len,Accession  
glycoside hydrolase family 3 C-terminal domain-containing protein [Thermotoga maritima],Thermotoga maritima,2336,1579,1579,100%,0.0,100.00,778,"=HYPERLINK(""https://www.ncbi.nlm.nih.gov/protein/WP_004082594.1?report=genbank&log$=prottop&blast_rank=1&RID=19RY5FJA01R"",""WP_004082594.1"")"
glycoside hydrolase family 3 C-terminal domain-containing protein [unclassified Thermotoga],unclassified Thermotoga,2631113,1574,1574,100%,0.0,99.49,778,"=HYPERLINK(""https://www.ncbi.nlm.nih.gov/protein/WP_038052014.1?report=genbank&log$=prottop&blast_rank=2&RID=19RY5FJA01R"",""WP_038052014.1"")"
glycoside hydrolase family 3 C-terminal domain-containing protein [unclassified Thermotoga],unclassified Thermotoga,2631113,1566,1566,100%,0.0,98.84,778,"=HYPERLINK(""https://www.ncbi.nlm.nih.gov/protein/WP_008194121.1?report=genbank&log$=prottop&blast_rank=3&RID=19RY5FJA01R"",""WP_008194121.1"")"
glycoside hydrolase family 3 C-terminal domain-containing protein [Thermotoga petrophila],Thermotoga petrophila,93929,1568,1568,100%,0.0,98.71,778,"=HYPERLINK(""https://www.ncbi.nlm.nih.gov/protein/WP_011943434.1?report=genbank&log$=prottop&blast_rank=4&RID=19RY5FJA01R"",""WP_011943434.1"")"
glycoside hydrolase family 3 C-terminal domain-containing protein [Thermotoga sp. RQ2],Thermotoga sp. RQ2,126740,1563,1563,100%,0.0,98.71,778,"=HYPERLINK(""https://www.ncbi.nlm.nih.gov/protein/WP_012310790.1?report=genbank&log$=prottop&blast_rank=5&RID=19RY5FJA01R"",""WP_012310790.1"")"
TPA: beta-glucosidase [Thermotoga sp.],Thermotoga sp.,28240,1060,1060,67%,0.0,98.67,525,"=HYPERLINK(""https://www.ncbi.nlm.nih.gov/protein/HGY59610.1?report=genbank&log$=prottop&blast_rank=6&RID=19RY5FJA01R"",""HGY59610.1"")"
glycoside hydrolase family 3 C-terminal domain-containing protein [Thermotoga naphthophila],Thermotoga naphthophila,93930,1566,1566,100%,0.0,98.59,778,"=HYPERLINK(""https://www.ncbi.nlm.nih.gov/protein/WP_012896113.1?report=genbank&log$=prottop&blast_rank=7&RID=19RY5FJA01R"",""WP_012896113.1"")"
glycoside hydrolase family 3 C-terminal domain-containing protein [unclassified Thermotoga],unclassified Thermotoga,2631113,1564,1564,100%,0.0,98.59,778,"=HYPERLINK(""https://www.ncbi.nlm.nih.gov/protein/WP_038033230.1?report=genbank&log$=prottop&blast_rank=8&RID=19RY5FJA01R"",""WP_038033230.1"")"
Beta-mannanase [Thermotoga sp. 47_83],Thermotoga sp. 47_83,1635261,1472,1472,94%,0.0,98.50,732,"=HYPERLINK(""https://www.ncbi.nlm.nih.gov/protein/KUK33136.1?report=genbank&log$=prottop&blast_rank=9&RID=19RY5FJA01R"",""KUK33136.1"")"
TPA: beta-glucosidase [Thermotoga sp.],Thermotoga sp.,28240,1062,1062,67%,0.0,98.48,527,"=HYPERLINK(""https://www.ncbi.nlm.nih.gov/protein/HEO50029.1?report=genbank&log$=prottop&blast_rank=10&RID=19RY5FJA01R"",""HEO50029.1"")"
TPA: beta-glucosidase [Thermotoga neapolitana],Thermotoga neapolitana,2337,1345,1345,88%,0.0,93.90,689,"=HYPERLINK(""https://www.ncbi.nlm.nih.gov/protein/HBF10504.1?report=genbank&log$=prottop&blast_rank=11&RID=19RY5FJA01R"",""HBF10504.1"")"
glycoside hydrolase family 3 C-terminal domain-containing protein [Thermotoga neapolitana],Thermotoga neapolitana,2337,1505,1505,100%,0.0,93.57,778,"=HYPERLINK(""https://www.ncbi.nlm.nih.gov/protein/WP_015919111.1?report=genbank&log$=prottop&blast_rank=12&RID=19RY5FJA01R"",""WP_015919111.1"")"
glycoside hydrolase family 3 C-terminal domain-containing protein [Thermotoga sp. RQ7],Thermotoga sp. RQ7,126738,1504,1504,100%,0.0,93.57,778,"=HYPERLINK(""https://www.ncbi.nlm.nih.gov/protein/WP_041844113.1?report=genbank&log$=prottop&blast_rank=13&RID=19RY5FJA01R"",""WP_041844113.1"")"
glycoside hydrolase family 3 C-terminal domain-containing protein [Thermotoga sp. SG1],Thermotoga sp. SG1,126739,1501,1501,100%,0.0,93.44,778,"=HYPERLINK(""https://www.ncbi.nlm.nih.gov/protein/WP_101512671.1?report=genbank&log$=prottop&blast_rank=14&RID=19RY5FJA01R"",""WP_101512671.1"")"
beta-mannanase [Thermotoga neapolitana],Thermotoga neapolitana,2337,1497,1497,99%,0.0,93.41,821,"=HYPERLINK(""https://www.ncbi.nlm.nih.gov/protein/CAB56857.1?report=genbank&log$=prottop&blast_rank=15&RID=19RY5FJA01R"",""CAB56857.1"")"
glycoside hydrolase family 3 C-terminal domain-containing protein [Thermotoga sp.],Thermotoga sp.,28240,1333,1333,89%,0.0,92.39,696,"=HYPERLINK(""https://www.ncbi.nlm.nih.gov/protein/MCD6551508.1?report=genbank&log$=prottop&blast_rank=16&RID=19RY5FJA01R"",""MCD6551508.1"")"
glycoside hydrolase family 3 C-terminal domain-containing protein [unclassified Thermotoga],unclassified Thermotoga,2631113,1286,1286,98%,0.0,81.51,768,"=HYPERLINK(""https://www.ncbi.nlm.nih.gov/protein/WP_008192035.1?report=genbank&log$=prottop&blast_rank=17&RID=19RY5FJA01R"",""WP_008192035.1"")"
glycoside hydrolase family 3 C-terminal domain-containing protein [Thermotoga sp. RQ2],Thermotoga sp. RQ2,126740,1256,1256,98%,0.0,79.87,772,"=HYPERLINK(""https://www.ncbi.nlm.nih.gov/protein/WP_012310582.1?report=genbank&log$=prottop&blast_rank=18&RID=19RY5FJA01R"",""WP_012310582.1"")"
glycoside hydrolase family 3 C-terminal domain-containing protein [Pseudothermotoga thermarum],Pseudothermotoga thermarum,119394,1140,1140,99%,0.0,71.15,774,"=HYPERLINK(""https://www.ncbi.nlm.nih.gov/protein/WP_013931466.1?report=genbank&log$=prottop&blast_rank=19&RID=19RY5FJA01R"",""WP_013931466.1"")"
glycoside hydrolase family 3 C-terminal domain-containing protein [Thermotoga profunda],Thermotoga profunda,1508420,1171,1171,99%,0.0,69.39,778,"=HYPERLINK(""https://www.ncbi.nlm.nih.gov/protein/WP_041081536.1?report=genbank&log$=prottop&blast_rank=20&RID=19RY5FJA01R"",""WP_041081536.1"")"
glycoside hydrolase family 3 C-terminal domain-containing protein [Pseudothermotoga],Pseudothermotoga,1643951,1158,1158,99%,0.0,68.48,779,"=HYPERLINK(""https://www.ncbi.nlm.nih.gov/protein/WP_012002404.1?report=genbank&log$=prottop&blast_rank=21&RID=19RY5FJA01R"",""WP_012002404.1"")"
glycoside hydrolase family 3 C-terminal domain-containing protein [Fervidobacterium gondwanense],Fervidobacterium gondwanense,44754,1130,1130,99%,0.0,68.22,775,"=HYPERLINK(""https://www.ncbi.nlm.nih.gov/protein/WP_072757167.1?report=genbank&log$=prottop&blast_rank=22&RID=19RY5FJA01R"",""WP_072757167.1"")"
glycoside hydrolase family 3 C-terminal domain-containing protein [Candidatus Aenigmarchaeota archaeon],Candidatus Aenigmarchaeota archaeon,2093792,1080,1080,97%,0.0,67.76,753,"=HYPERLINK(""https://www.ncbi.nlm.nih.gov/protein/MCD6478111.1?report=genbank&log$=prottop&blast_rank=23&RID=19RY5FJA01R"",""MCD6478111.1"")"
TPA: beta-glucosidase [Pseudothermotoga hypogea],Pseudothermotoga hypogea,57487,1097,1097,99%,0.0,66.71,771,"=HYPERLINK(""https://www.ncbi.nlm.nih.gov/protein/HGZ80229.1?report=genbank&log$=prottop&blast_rank=24&RID=19RY5FJA01R"",""HGZ80229.1"")"
glycoside hydrolase family 3 C-terminal domain-containing protein [Pseudothermotoga hypogea],Pseudothermotoga hypogea,57487,1098,1098,99%,0.0,66.58,771,"=HYPERLINK(""https://www.ncbi.nlm.nih.gov/protein/WP_031505023.1?report=genbank&log$=prottop&blast_rank=25&RID=19RY5FJA01R"",""WP_031505023.1"")"
TPA: beta-glucosidase [Pseudothermotoga hypogea],Pseudothermotoga hypogea,57487,1095,1095,99%,0.0,66.58,771,"=HYPERLINK(""https://www.ncbi.nlm.nih.gov/protein/HGY17689.1?report=genbank&log$=prottop&blast_rank=26&RID=19RY5FJA01R"",""HGY17689.1"")"
glycoside hydrolase family 3 C-terminal domain-containing protein [Thermotoga caldifontis],Thermotoga caldifontis,1508419,1090,1090,99%,0.0,66.15,771,"=HYPERLINK(""https://www.ncbi.nlm.nih.gov/protein/WP_041078598.1?report=genbank&log$=prottop&blast_rank=27&RID=19RY5FJA01R"",""WP_041078598.1"")"
Beta-mannanase [Thermotoga sp. 50_64],Thermotoga sp. 50_64,1635259,1068,1068,99%,0.0,66.02,771,"=HYPERLINK(""https://www.ncbi.nlm.nih.gov/protein/KUK02850.1?report=genbank&log$=prottop&blast_rank=28&RID=19RY5FJA01R"",""KUK02850.1"")"
beta-glucosidase [Fervidobacterium sp.],Fervidobacterium sp.,1871331,1068,1068,99%,0.0,65.76,773,"=HYPERLINK(""https://www.ncbi.nlm.nih.gov/protein/NPU88383.1?report=genbank&log$=prottop&blast_rank=29&RID=19RY5FJA01R"",""NPU88383.1"")"
glycoside hydrolase family 3 C-terminal domain-containing protein [Fervidobacterium changbaicum],Fervidobacterium changbaicum,310769,1049,1049,99%,0.0,65.76,773,"=HYPERLINK(""https://www.ncbi.nlm.nih.gov/protein/WP_090223012.1?report=genbank&log$=prottop&blast_rank=30&RID=19RY5FJA01R"",""WP_090223012.1"")"
glycoside hydrolase family 3 C-terminal domain-containing protein [Thermotoga sp. Ku-13t],Thermotoga sp. Ku-13t,1755813,1080,1080,99%,0.0,65.25,771,"=HYPERLINK(""https://www.ncbi.nlm.nih.gov/protein/WP_165275344.1?report=genbank&log$=prottop&blast_rank=31&RID=19RY5FJA01R"",""WP_165275344.1"")"
Xyl3A [Caldanaerobius polysaccharolyticus],Caldanaerobius polysaccharolyticus,44256,953,953,99%,0.0,59.06,789,"=HYPERLINK(""https://www.ncbi.nlm.nih.gov/protein/AFM44649.1?report=genbank&log$=prottop&blast_rank=32&RID=19RY5FJA01R"",""AFM44649.1"")"
glycoside hydrolase family 3 C-terminal domain-containing protein [Petrotoga],Petrotoga,28236,940,940,100%,0.0,59.03,777,"=HYPERLINK(""https://www.ncbi.nlm.nih.gov/protein/WP_012208081.1?report=genbank&log$=prottop&blast_rank=33&RID=19RY5FJA01R"",""WP_012208081.1"")"
glycoside hydrolase family 3 C-terminal domain-containing protein [Petrotoga],Petrotoga,28236,936,936,100%,0.0,59.03,777,"=HYPERLINK(""https://www.ncbi.nlm.nih.gov/protein/WP_103078984.1?report=genbank&log$=prottop&blast_rank=34&RID=19RY5FJA01R"",""WP_103078984.1"")"
glycoside hydrolase family 3 C-terminal domain-containing protein [Caldanaerobius polysaccharolyticus],Caldanaerobius polysaccharolyticus,44256,951,951,99%,0.0,58.93,789,"=HYPERLINK(""https://www.ncbi.nlm.nih.gov/protein/WP_035172029.1?report=genbank&log$=prottop&blast_rank=35&RID=19RY5FJA01R"",""WP_035172029.1"")"
glycoside hydrolase family 3 C-terminal domain-containing protein [Defluviitoga tunisiensis],Defluviitoga tunisiensis,1006576,932,932,99%,0.0,58.91,775,"=HYPERLINK(""https://www.ncbi.nlm.nih.gov/protein/WP_045088029.1?report=genbank&log$=prottop&blast_rank=36&RID=19RY5FJA01R"",""WP_045088029.1"")"
beta-glucosidase [Petrotoga olearia],Petrotoga olearia,156203,940,940,100%,0.0,58.91,800,"=HYPERLINK(""https://www.ncbi.nlm.nih.gov/protein/RMA72871.1?report=genbank&log$=prottop&blast_rank=37&RID=19RY5FJA01R"",""RMA72871.1"")"
glycoside hydrolase family 3 C-terminal domain-containing protein [Petrotoga mexicana],Petrotoga mexicana,204046,933,933,100%,0.0,58.91,777,"=HYPERLINK(""https://www.ncbi.nlm.nih.gov/protein/WP_103077826.1?report=genbank&log$=prottop&blast_rank=38&RID=19RY5FJA01R"",""WP_103077826.1"")"
glycoside hydrolase family 3 C-terminal domain-containing protein [Caldanaerobius fijiensis],Caldanaerobius fijiensis,456330,942,942,99%,0.0,58.49,790,"=HYPERLINK(""https://www.ncbi.nlm.nih.gov/protein/WP_084111110.1?report=genbank&log$=prottop&blast_rank=39&RID=19RY5FJA01R"",""WP_084111110.1"")"
beta-glucosidase [Chloroflexi bacterium],Chloroflexi bacterium,2026724,921,921,97%,0.0,58.39,762,"=HYPERLINK(""https://www.ncbi.nlm.nih.gov/protein/MBM3142954.1?report=genbank&log$=prottop&blast_rank=40&RID=19RY5FJA01R"",""MBM3142954.1"")"
TPA: beta-glucosidase [Anaerolineae bacterium],Anaerolineae bacterium,2052143,894,894,95%,0.0,58.20,753,"=HYPERLINK(""https://www.ncbi.nlm.nih.gov/protein/HIQ05954.1?report=genbank&log$=prottop&blast_rank=41&RID=19RY5FJA01R"",""HIQ05954.1"")"
Glycoside hydrolase family 3 domain protein [Petrotoga mobilis],Petrotoga mobilis,69499,839,839,91%,0.0,58.14,711,"=HYPERLINK(""https://www.ncbi.nlm.nih.gov/protein/KUK80348.1?report=genbank&log$=prottop&blast_rank=42&RID=19RY5FJA01R"",""KUK80348.1"")"
beta-glucosidase [Firmicutes bacterium],Firmicutes bacterium,1879010,886,886,99%,0.0,58.06,766,"=HYPERLINK(""https://www.ncbi.nlm.nih.gov/protein/NPV81743.1?report=genbank&log$=prottop&blast_rank=43&RID=19RY5FJA01R"",""NPV81743.1"")"
glycoside hydrolase family 3 C-terminal domain-containing protein [Thermoanaerobacter thermocopriae],Thermoanaerobacter thermocopriae,29350,926,926,99%,0.0,58.02,787,"=HYPERLINK(""https://www.ncbi.nlm.nih.gov/protein/WP_038002057.1?report=genbank&log$=prottop&blast_rank=44&RID=19RY5FJA01R"",""WP_038002057.1"")"
TPA: beta-glucosidase [Anaerolineae bacterium],Anaerolineae bacterium,2052143,887,887,94%,0.0,57.98,749,"=HYPERLINK(""https://www.ncbi.nlm.nih.gov/protein/HIC89341.1?report=genbank&log$=prottop&blast_rank=45&RID=19RY5FJA01R"",""HIC89341.1"")"
beta-glucosidase [Chloroflexi bacterium],Chloroflexi bacterium,2026724,890,890,97%,0.0,57.94,762,"=HYPERLINK(""https://www.ncbi.nlm.nih.gov/protein/MBM4446501.1?report=genbank&log$=prottop&blast_rank=46&RID=19RY5FJA01R"",""MBM4446501.1"")"
glycoside hydrolase family 3 C-terminal domain-containing protein [Thermoanaerobacter thermohydrosulfuricus],Thermoanaerobacter thermohydrosulfuricus,1516,924,924,99%,0.0,57.89,787,"=HYPERLINK(""https://www.ncbi.nlm.nih.gov/protein/WP_004399910.1?report=genbank&log$=prottop&blast_rank=47&RID=19RY5FJA01R"",""WP_004399910.1"")"
glycoside hydrolase family 3 C-terminal domain-containing protein [Chloroflexi bacterium],Chloroflexi bacterium,2026724,897,897,99%,0.0,57.87,777,"=HYPERLINK(""https://www.ncbi.nlm.nih.gov/protein/MBI5667556.1?report=genbank&log$=prottop&blast_rank=48&RID=19RY5FJA01R"",""MBI5667556.1"")"
glycoside hydrolase family 3 C-terminal domain-containing protein [Candidatus Bipolaricaulota bacterium],Candidatus Bipolaricaulota bacterium,2306012,886,886,99%,0.0,57.83,775,"=HYPERLINK(""https://www.ncbi.nlm.nih.gov/protein/MBC7097732.1?report=genbank&log$=prottop&blast_rank=49&RID=19RY5FJA01R"",""MBC7097732.1"")"
TPA: beta-glucosidase [Thermoanaerobacter sp.],Thermoanaerobacter sp.,1755,907,907,99%,0.0,57.81,784,"=HYPERLINK(""https://www.ncbi.nlm.nih.gov/protein/HCD09564.1?report=genbank&log$=prottop&blast_rank=50&RID=19RY5FJA01R"",""HCD09564.1"")"
glycoside hydrolase family 3 C-terminal domain-containing protein [Thermoanaerobacter uzonensis],Thermoanaerobacter uzonensis,447593,905,905,99%,0.0,57.81,784,"=HYPERLINK(""https://www.ncbi.nlm.nih.gov/protein/WP_072966532.1?report=genbank&log$=prottop&blast_rank=51&RID=19RY5FJA01R"",""WP_072966532.1"")"
TPA: beta-glucosidase [Candidatus Bathyarchaeota archaeon],Candidatus Bathyarchaeota archaeon,2026714,883,883,98%,0.0,57.77,767,"=HYPERLINK(""https://www.ncbi.nlm.nih.gov/protein/HIE18304.1?report=genbank&log$=prottop&blast_rank=52&RID=19RY5FJA01R"",""HIE18304.1"")"
glycoside hydrolase family 3 C-terminal domain-containing protein [Chloroflexi bacterium],Chloroflexi bacterium,2026724,899,899,97%,0.0,57.76,762,"=HYPERLINK(""https://www.ncbi.nlm.nih.gov/protein/MBC8274600.1?report=genbank&log$=prottop&blast_rank=53&RID=19RY5FJA01R"",""MBC8274600.1"")"
glycoside hydrolase family 3 C-terminal domain-containing protein [Thermoanaerobacter],Thermoanaerobacter,1754,906,906,99%,0.0,57.69,784,"=HYPERLINK(""https://www.ncbi.nlm.nih.gov/protein/WP_012269735.1?report=genbank&log$=prottop&blast_rank=54&RID=19RY5FJA01R"",""WP_012269735.1"")"
glycoside hydrolase family 3 C-terminal domain-containing protein [Candidatus Poribacteria bacterium],Candidatus Poribacteria bacterium,2026781,867,867,97%,0.0,57.66,744,"=HYPERLINK(""https://www.ncbi.nlm.nih.gov/protein/MCD6505078.1?report=genbank&log$=prottop&blast_rank=55&RID=19RY5FJA01R"",""MCD6505078.1"")"
glycoside hydrolase family 3 C-terminal domain-containing protein [Thermoanaerobacter sp. CM-CNRG TB177],Thermoanaerobacter sp. CM-CNRG TB177,2800659,922,922,99%,0.0,57.63,787,"=HYPERLINK(""https://www.ncbi.nlm.nih.gov/protein/WP_214496213.1?report=genbank&log$=prottop&blast_rank=56&RID=19RY5FJA01R"",""WP_214496213.1"")"
beta-glucosidase [Chloroflexi bacterium],Chloroflexi bacterium,2026724,893,893,97%,0.0,57.59,762,"=HYPERLINK(""https://www.ncbi.nlm.nih.gov/protein/MBM3118247.1?report=genbank&log$=prottop&blast_rank=57&RID=19RY5FJA01R"",""MBM3118247.1"")"
Beta-mannanase [Acetothermia bacterium 64_32],Acetothermia bacterium 64_32,1635286,887,887,99%,0.0,57.58,775,"=HYPERLINK(""https://www.ncbi.nlm.nih.gov/protein/KUK26697.1?report=genbank&log$=prottop&blast_rank=58&RID=19RY5FJA01R"",""KUK26697.1"")"
TPA: beta-glucosidase [Caldilineae bacterium],Caldilineae bacterium,2420332,912,912,99%,0.0,57.57,805,"=HYPERLINK(""https://www.ncbi.nlm.nih.gov/protein/HEY62980.1?report=genbank&log$=prottop&blast_rank=59&RID=19RY5FJA01R"",""HEY62980.1"")"
glycoside hydrolase family 3 domain protein [Thermoanaerobacter ethanolicus JW 200],Thermoanaerobacter ethanolicus JW 200,509192,904,904,99%,0.0,57.56,784,"=HYPERLINK(""https://www.ncbi.nlm.nih.gov/protein/EGD53102.1?report=genbank&log$=prottop&blast_rank=60&RID=19RY5FJA01R"",""EGD53102.1"")"
glycoside hydrolase family 3 C-terminal domain-containing protein [Thermoanaerobacter thermohydrosulfuricus],Thermoanaerobacter thermohydrosulfuricus,1516,903,903,99%,0.0,57.56,784,"=HYPERLINK(""https://www.ncbi.nlm.nih.gov/protein/WP_074591969.1?report=genbank&log$=prottop&blast_rank=61&RID=19RY5FJA01R"",""WP_074591969.1"")"
beta-xylo-glucosidase [Thermoanaerobacter brockii],Thermoanaerobacter brockii,29323,846,846,92%,0.0,57.55,730,"=HYPERLINK(""https://www.ncbi.nlm.nih.gov/protein/CAA91219.1?report=genbank&log$=prottop&blast_rank=62&RID=19RY5FJA01R"",""CAA91219.1"")"
glycoside hydrolase family 3 C-terminal domain-containing protein [Chloroflexi bacterium],Chloroflexi bacterium,2026724,899,899,97%,0.0,57.51,762,"=HYPERLINK(""https://www.ncbi.nlm.nih.gov/protein/UCH51772.1?report=genbank&log$=prottop&blast_rank=63&RID=19RY5FJA01R"",""UCH51772.1"")"
glycoside hydrolase family 3 C-terminal domain-containing protein [Thermoanaerobacter italicus],Thermoanaerobacter italicus,108150,926,926,99%,0.0,57.51,787,"=HYPERLINK(""https://www.ncbi.nlm.nih.gov/protein/WP_012994360.1?report=genbank&log$=prottop&blast_rank=64&RID=19RY5FJA01R"",""WP_012994360.1"")"
glycoside hydrolase family 3 C-terminal domain-containing protein [Thermoanaerobacter mathranii],Thermoanaerobacter mathranii,583357,922,922,99%,0.0,57.51,787,"=HYPERLINK(""https://www.ncbi.nlm.nih.gov/protein/WP_013149679.1?report=genbank&log$=prottop&blast_rank=65&RID=19RY5FJA01R"",""WP_013149679.1"")"
beta-glucosidase [Candidatus Abyssubacteria bacterium SURF_17],Candidatus Abyssubacteria bacterium SURF_17,2093361,910,910,99%,0.0,57.44,785,"=HYPERLINK(""https://www.ncbi.nlm.nih.gov/protein/RJP69457.1?report=genbank&log$=prottop&blast_rank=66&RID=19RY5FJA01R"",""RJP69457.1"")"
xylosidase/arabinosidase [Thermoanaerobacter ethanolicus JW 200],Thermoanaerobacter ethanolicus JW 200,509192,899,899,99%,0.0,57.43,784,"=HYPERLINK(""https://www.ncbi.nlm.nih.gov/protein/AAF43783.1?report=genbank&log$=prottop&blast_rank=67&RID=19RY5FJA01R"",""AAF43783.1"")"
glycoside hydrolase family 3 C-terminal domain-containing protein [Dehalococcoidia bacterium],Dehalococcoidia bacterium,2026734,875,875,97%,0.0,57.18,762,"=HYPERLINK(""https://www.ncbi.nlm.nih.gov/protein/MBN2463172.1?report=genbank&log$=prottop&blast_rank=68&RID=19RY5FJA01R"",""MBN2463172.1"")"
glycoside hydrolase family 3 C-terminal domain-containing protein [Anaerolineales bacterium],Anaerolineales bacterium,2073117,887,887,99%,0.0,57.09,783,"=HYPERLINK(""https://www.ncbi.nlm.nih.gov/protein/MCB9109376.1?report=genbank&log$=prottop&blast_rank=69&RID=19RY5FJA01R"",""MCB9109376.1"")"
glycoside hydrolase family 3 C-terminal domain-containing protein [Anaerolineae bacterium],Anaerolineae bacterium,2052143,868,868,99%,0.0,57.09,783,"=HYPERLINK(""https://www.ncbi.nlm.nih.gov/protein/MCB0170574.1?report=genbank&log$=prottop&blast_rank=70&RID=19RY5FJA01R"",""MCB0170574.1"")"
glycoside hydrolase family 3 C-terminal domain-containing protein [Anaerolineae bacterium],Anaerolineae bacterium,2052143,867,867,99%,0.0,57.09,783,"=HYPERLINK(""https://www.ncbi.nlm.nih.gov/protein/MCB0176807.1?report=genbank&log$=prottop&blast_rank=71&RID=19RY5FJA01R"",""MCB0176807.1"")"
beta-xylosidase [Candidatus Bathyarchaeota archaeon B26-2],Candidatus Bathyarchaeota archaeon B26-2,1779371,905,905,99%,0.0,57.05,758,"=HYPERLINK(""https://www.ncbi.nlm.nih.gov/protein/KYH41607.1?report=genbank&log$=prottop&blast_rank=72&RID=19RY5FJA01R"",""KYH41607.1"")"
TPA: beta-glucosidase [Firmicutes bacterium],Firmicutes bacterium,1879010,859,859,94%,0.0,57.03,722,"=HYPERLINK(""https://www.ncbi.nlm.nih.gov/protein/HHV61661.1?report=genbank&log$=prottop&blast_rank=73&RID=19RY5FJA01R"",""HHV61661.1"")"
glycoside hydrolase family 3 C-terminal domain-containing protein [Kouleothrix sp.],Kouleothrix sp.,2779161,874,874,99%,0.0,56.96,789,"=HYPERLINK(""https://www.ncbi.nlm.nih.gov/protein/MBK9712433.1?report=genbank&log$=prottop&blast_rank=74&RID=19RY5FJA01R"",""MBK9712433.1"")"
glycoside hydrolase family 3 C-terminal domain-containing protein [Chloroflexi bacterium],Chloroflexi bacterium,2026724,893,893,99%,0.0,56.94,793,"=HYPERLINK(""https://www.ncbi.nlm.nih.gov/protein/MBI1876636.1?report=genbank&log$=prottop&blast_rank=75&RID=19RY5FJA01R"",""MBI1876636.1"")"
glycoside hydrolase family 3 C-terminal domain-containing protein [Candidatus Hydrogenedentes bacterium],Candidatus Hydrogenedentes bacterium,2030809,844,844,93%,0.0,56.91,751,"=HYPERLINK(""https://www.ncbi.nlm.nih.gov/protein/UCD58253.1?report=genbank&log$=prottop&blast_rank=76&RID=19RY5FJA01R"",""UCD58253.1"")"
glycoside hydrolase family 3 C-terminal domain-containing protein [Candidatus Bathyarchaeota archaeon],Candidatus Bathyarchaeota archaeon,2026714,877,877,98%,0.0,56.87,754,"=HYPERLINK(""https://www.ncbi.nlm.nih.gov/protein/MCD6324821.1?report=genbank&log$=prottop&blast_rank=77&RID=19RY5FJA01R"",""MCD6324821.1"")"
glycoside hydrolase family 3 C-terminal domain-containing protein [Candidatus Brockarchaeota archaeon],Candidatus Brockarchaeota archaeon,2815303,887,887,98%,0.0,56.74,746,"=HYPERLINK(""https://www.ncbi.nlm.nih.gov/protein/MBO3802852.1?report=genbank&log$=prottop&blast_rank=78&RID=19RY5FJA01R"",""MBO3802852.1"")"
beta-glucosidase [Thaumarchaeota archaeon],Thaumarchaeota archaeon,2026795,894,894,99%,0.0,56.67,760,"=HYPERLINK(""https://www.ncbi.nlm.nih.gov/protein/NHV07037.1?report=genbank&log$=prottop&blast_rank=79&RID=19RY5FJA01R"",""NHV07037.1"")"
glycoside hydrolase family 3 C-terminal domain-containing protein [Actinomycetia bacterium],Actinomycetia bacterium,1883427,910,910,98%,0.0,56.65,796,"=HYPERLINK(""https://www.ncbi.nlm.nih.gov/protein/MBE3094807.1?report=genbank&log$=prottop&blast_rank=80&RID=19RY5FJA01R"",""MBE3094807.1"")"
beta-glucosidase [Candidatus Cryosericum septentrionale],Candidatus Cryosericum septentrionale,2290913,915,915,99%,0.0,56.63,784,"=HYPERLINK(""https://www.ncbi.nlm.nih.gov/protein/RIE17090.1?report=genbank&log$=prottop&blast_rank=81&RID=19RY5FJA01R"",""RIE17090.1"")"
glycoside hydrolase family 3 C-terminal domain-containing protein [Candidatus Cryosericum septentrionale],Candidatus Cryosericum septentrionale,2290913,915,915,99%,0.0,56.63,790,"=HYPERLINK(""https://www.ncbi.nlm.nih.gov/protein/WP_207799292.1?report=genbank&log$=prottop&blast_rank=82&RID=19RY5FJA01R"",""WP_207799292.1"")"
glycoside hydrolase family 3 C-terminal domain-containing protein [Ardenticatenaceae bacterium],Ardenticatenaceae bacterium,2614247,878,878,99%,0.0,56.56,791,"=HYPERLINK(""https://www.ncbi.nlm.nih.gov/protein/MBE7531358.1?report=genbank&log$=prottop&blast_rank=83&RID=19RY5FJA01R"",""MBE7531358.1"")"
beta-glucosidase [Thermococci archaeon],Thermococci archaeon,2250254,878,878,95%,0.0,56.54,750,"=HYPERLINK(""https://www.ncbi.nlm.nih.gov/protein/RLF93934.1?report=genbank&log$=prottop&blast_rank=84&RID=19RY5FJA01R"",""RLF93934.1"")"
glycoside hydrolase family 3 domain protein [Clostridia bacterium],Clostridia bacterium,2044939,918,918,99%,0.0,56.51,790,"=HYPERLINK(""https://www.ncbi.nlm.nih.gov/protein/MBZ4646874.1?report=genbank&log$=prottop&blast_rank=85&RID=19RY5FJA01R"",""MBZ4646874.1"")"
TPA: beta-glucosidase [Firmicutes bacterium],Firmicutes bacterium,1879010,857,857,98%,0.0,56.46,748,"=HYPERLINK(""https://www.ncbi.nlm.nih.gov/protein/HHR29151.1?report=genbank&log$=prottop&blast_rank=86&RID=19RY5FJA01R"",""HHR29151.1"")"
TPA: beta-glucosidase [Anaerolineae bacterium],Anaerolineae bacterium,2052143,863,863,99%,0.0,56.43,785,"=HYPERLINK(""https://www.ncbi.nlm.nih.gov/protein/HGY52282.1?report=genbank&log$=prottop&blast_rank=87&RID=19RY5FJA01R"",""HGY52282.1"")"
glycoside hydrolase family 3 C-terminal domain-containing protein [Candidatus Brockarchaeota archaeon],Candidatus Brockarchaeota archaeon,2815303,884,884,99%,0.0,56.41,760,"=HYPERLINK(""https://www.ncbi.nlm.nih.gov/protein/MBO3801626.1?report=genbank&log$=prottop&blast_rank=88&RID=19RY5FJA01R"",""MBO3801626.1"")"
glycoside hydrolase family 3 C-terminal domain-containing protein [Petrotoga sp. 9PWA.NaAc.5.4],Petrotoga sp. 9PWA.NaAc.5.4,1434328,889,889,99%,0.0,56.39,778,"=HYPERLINK(""https://www.ncbi.nlm.nih.gov/protein/WP_121958159.1?report=genbank&log$=prottop&blast_rank=89&RID=19RY5FJA01R"",""WP_121958159.1"")"
glycoside hydrolase family 3 C-terminal domain-containing protein [Deltaproteobacteria bacterium],Deltaproteobacteria bacterium,2026735,891,891,99%,0.0,56.38,797,"=HYPERLINK(""https://www.ncbi.nlm.nih.gov/protein/MCD6569979.1?report=genbank&log$=prottop&blast_rank=90&RID=19RY5FJA01R"",""MCD6569979.1"")"
glycoside hydrolase family 3 C-terminal domain-containing protein [Petroclostridium xylanilyticum],Petroclostridium xylanilyticum,1792311,917,917,99%,0.0,56.38,790,"=HYPERLINK(""https://www.ncbi.nlm.nih.gov/protein/WP_198543882.1?report=genbank&log$=prottop&blast_rank=91&RID=19RY5FJA01R"",""WP_198543882.1"")"
glycoside hydrolase family 3 C-terminal domain-containing protein [Aggregatilinea lenta],Aggregatilinea lenta,913108,872,872,99%,0.0,56.38,789,"=HYPERLINK(""https://www.ncbi.nlm.nih.gov/protein/WP_119070616.1?report=genbank&log$=prottop&blast_rank=92&RID=19RY5FJA01R"",""WP_119070616.1"")"
glycoside hydrolase family 3 C-terminal domain-containing protein [Anaerolineaceae bacterium],Anaerolineaceae bacterium,2024896,881,881,99%,0.0,56.36,791,"=HYPERLINK(""https://www.ncbi.nlm.nih.gov/protein/MBK8905146.1?report=genbank&log$=prottop&blast_rank=93&RID=19RY5FJA01R"",""MBK8905146.1"")"
TPA: beta-glucosidase [bacterium],bacterium,1869227,842,842,96%,0.0,56.36,737,"=HYPERLINK(""https://www.ncbi.nlm.nih.gov/protein/HHR61874.1?report=genbank&log$=prottop&blast_rank=94&RID=19RY5FJA01R"",""HHR61874.1"")"
glycoside hydrolase family 3 C-terminal domain-containing protein [Caldicoprobacter guelmensis],Caldicoprobacter guelmensis,1170224,886,886,99%,0.0,56.34,784,"=HYPERLINK(""https://www.ncbi.nlm.nih.gov/protein/WP_204486570.1?report=genbank&log$=prottop&blast_rank=95&RID=19RY5FJA01R"",""WP_204486570.1"")"
beta-glucosidase [Chloroflexi bacterium],Chloroflexi bacterium,2026724,858,858,99%,0.0,56.34,781,"=HYPERLINK(""https://www.ncbi.nlm.nih.gov/protein/MBC6935244.1?report=genbank&log$=prottop&blast_rank=96&RID=19RY5FJA01R"",""MBC6935244.1"")"
TPA: beta-glucosidase [Armatimonadetes bacterium],Armatimonadetes bacterium,2033014,852,852,98%,0.0,56.29,745,"=HYPERLINK(""https://www.ncbi.nlm.nih.gov/protein/HFZ89051.1?report=genbank&log$=prottop&blast_rank=97&RID=19RY5FJA01R"",""HFZ89051.1"")"
glycoside hydrolase family 3 C-terminal domain-containing protein [Caldicoprobacter faecalis],Caldicoprobacter faecalis,937334,874,874,99%,0.0,56.27,784,"=HYPERLINK(""https://www.ncbi.nlm.nih.gov/protein/WP_025747000.1?report=genbank&log$=prottop&blast_rank=98&RID=19RY5FJA01R"",""WP_025747000.1"")"
glycoside hydrolase family 3 C-terminal domain-containing protein [Alicyclobacillus herbarius],Alicyclobacillus herbarius,122960,830,830,98%,0.0,56.23,785,"=HYPERLINK(""https://www.ncbi.nlm.nih.gov/protein/WP_026961743.1?report=genbank&log$=prottop&blast_rank=99&RID=19RY5FJA01R"",""WP_026961743.1"")"
beta-glucosidase [Clostridia bacterium],Clostridia bacterium,2044939,893,893,99%,0.0,56.14,784,"=HYPERLINK(""https://www.ncbi.nlm.nih.gov/protein/MBO2494086.1?report=genbank&log$=prottop&blast_rank=100&RID=19RY5FJA01R"",""MBO2494086.1"")"
glycoside hydrolase family 3 C-terminal domain-containing protein [Candidatus Bathyarchaeota archaeon],Candidatus Bathyarchaeota archaeon,2026714,853,853,98%,0.0,56.10,759,"=HYPERLINK(""https://www.ncbi.nlm.nih.gov/protein/MBS7639363.1?report=genbank&log$=prottop&blast_rank=101&RID=19RY5FJA01R"",""MBS7639363.1"")"
TPA: beta-glucosidase [Chloroflexi bacterium],Chloroflexi bacterium,2026724,848,848,96%,0.0,56.09,757,"=HYPERLINK(""https://www.ncbi.nlm.nih.gov/protein/HGY81402.1?report=genbank&log$=prottop&blast_rank=102&RID=19RY5FJA01R"",""HGY81402.1"")"
beta-glucosidase [Anaerolineaceae bacterium],Anaerolineaceae bacterium,2024896,873,873,99%,0.0,56.09,794,"=HYPERLINK(""https://www.ncbi.nlm.nih.gov/protein/MAT98136.1?report=genbank&log$=prottop&blast_rank=103&RID=19RY5FJA01R"",""MAT98136.1"")"
glycoside hydrolase family 3 C-terminal domain-containing protein [Armatimonadetes bacterium],Armatimonadetes bacterium,2033014,836,836,96%,0.0,56.05,734,"=HYPERLINK(""https://www.ncbi.nlm.nih.gov/protein/MCC6038160.1?report=genbank&log$=prottop&blast_rank=104&RID=19RY5FJA01R"",""MCC6038160.1"")"
beta-glucosidase [Firmicutes bacterium],Firmicutes bacterium,1879010,882,882,99%,0.0,56.05,813,"=HYPERLINK(""https://www.ncbi.nlm.nih.gov/protein/NPV53020.1?report=genbank&log$=prottop&blast_rank=105&RID=19RY5FJA01R"",""NPV53020.1"")"
beta-glucosidase [Mesoaciditoga sp.],Mesoaciditoga sp.,2060323,866,866,97%,0.0,56.05,772,"=HYPERLINK(""https://www.ncbi.nlm.nih.gov/protein/PMP78576.1?report=genbank&log$=prottop&blast_rank=106&RID=19RY5FJA01R"",""PMP78576.1"")"
glycoside hydrolase family 3 C-terminal domain-containing protein [Anaerolineae bacterium],Anaerolineae bacterium,2052143,874,874,99%,0.0,55.87,785,"=HYPERLINK(""https://www.ncbi.nlm.nih.gov/protein/MBN1284522.1?report=genbank&log$=prottop&blast_rank=107&RID=19RY5FJA01R"",""MBN1284522.1"")"
glycoside hydrolase family 3 C-terminal domain-containing protein [Candidatus Bathyarchaeota archaeon],Candidatus Bathyarchaeota archaeon,2026714,853,853,98%,0.0,55.84,758,"=HYPERLINK(""https://www.ncbi.nlm.nih.gov/protein/MBS7624313.1?report=genbank&log$=prottop&blast_rank=108&RID=19RY5FJA01R"",""MBS7624313.1"")"
glycoside hydrolase family 3 C-terminal domain-containing protein [Anaerolineae bacterium],Anaerolineae bacterium,2052143,893,893,99%,0.0,55.81,782,"=HYPERLINK(""https://www.ncbi.nlm.nih.gov/protein/MBL8166411.1?report=genbank&log$=prottop&blast_rank=109&RID=19RY5FJA01R"",""MBL8166411.1"")"
glycoside hydrolase family 3 C-terminal domain-containing protein [Anaerolineae bacterium],Anaerolineae bacterium,2052143,889,889,99%,0.0,55.80,790,"=HYPERLINK(""https://www.ncbi.nlm.nih.gov/protein/MBX3057431.1?report=genbank&log$=prottop&blast_rank=110&RID=19RY5FJA01R"",""MBX3057431.1"")"
glycoside hydrolase family 3 C-terminal domain-containing protein [Litorilinea aerophila],Litorilinea aerophila,1204385,868,868,99%,0.0,55.74,792,"=HYPERLINK(""https://www.ncbi.nlm.nih.gov/protein/WP_141610399.1?report=genbank&log$=prottop&blast_rank=111&RID=19RY5FJA01R"",""WP_141610399.1"")"
TPA: beta-glucosidase [Candidatus Bathyarchaeota archaeon],Candidatus Bathyarchaeota archaeon,2026714,844,844,98%,0.0,55.73,764,"=HYPERLINK(""https://www.ncbi.nlm.nih.gov/protein/HGN40114.1?report=genbank&log$=prottop&blast_rank=112&RID=19RY5FJA01R"",""HGN40114.1"")"
TPA: beta-glucosidase [Candidatus Bathyarchaeota archaeon],Candidatus Bathyarchaeota archaeon,2026714,867,867,98%,0.0,55.71,757,"=HYPERLINK(""https://www.ncbi.nlm.nih.gov/protein/HGC56914.1?report=genbank&log$=prottop&blast_rank=113&RID=19RY5FJA01R"",""HGC56914.1"")"
glycoside hydrolase family 3 C-terminal domain-containing protein [Caldilineae bacterium],Caldilineae bacterium,2420332,865,865,99%,0.0,55.68,784,"=HYPERLINK(""https://www.ncbi.nlm.nih.gov/protein/MCB9153449.1?report=genbank&log$=prottop&blast_rank=114&RID=19RY5FJA01R"",""MCB9153449.1"")"
glycoside hydrolase family 3 C-terminal domain-containing protein [Alicyclobacillus shizuokensis],Alicyclobacillus shizuokensis,392014,859,859,99%,0.0,55.68,784,"=HYPERLINK(""https://www.ncbi.nlm.nih.gov/protein/WP_067925367.1?report=genbank&log$=prottop&blast_rank=115&RID=19RY5FJA01R"",""WP_067925367.1"")"
TPA: beta-glucosidase [Candidatus Bathyarchaeota archaeon],Candidatus Bathyarchaeota archaeon,2026714,853,853,98%,0.0,55.66,767,"=HYPERLINK(""https://www.ncbi.nlm.nih.gov/protein/HHS34260.1?report=genbank&log$=prottop&blast_rank=116&RID=19RY5FJA01R"",""HHS34260.1"")"
glycoside hydrolase family 3 C-terminal domain-containing protein [Ardenticatenaceae bacterium],Ardenticatenaceae bacterium,2614247,880,880,99%,0.0,55.58,794,"=HYPERLINK(""https://www.ncbi.nlm.nih.gov/protein/MCB8948601.1?report=genbank&log$=prottop&blast_rank=117&RID=19RY5FJA01R"",""MCB8948601.1"")"
glycoside hydrolase family 3 C-terminal domain-containing protein [Anaerolineae bacterium],Anaerolineae bacterium,2052143,845,845,99%,0.0,55.58,791,"=HYPERLINK(""https://www.ncbi.nlm.nih.gov/protein/MCC6603720.1?report=genbank&log$=prottop&blast_rank=118&RID=19RY5FJA01R"",""MCC6603720.1"")"
glycoside hydrolase family 3 C-terminal domain-containing protein [Candidatus Brockarchaeota archaeon],Candidatus Brockarchaeota archaeon,2815303,844,844,99%,0.0,55.56,767,"=HYPERLINK(""https://www.ncbi.nlm.nih.gov/protein/MBO3839988.1?report=genbank&log$=prottop&blast_rank=119&RID=19RY5FJA01R"",""MBO3839988.1"")"
TPA: beta-glucosidase [Dehalococcoidia bacterium],Dehalococcoidia bacterium,2026734,826,826,97%,0.0,55.47,765,"=HYPERLINK(""https://www.ncbi.nlm.nih.gov/protein/HEY94947.1?report=genbank&log$=prottop&blast_rank=120&RID=19RY5FJA01R"",""HEY94947.1"")"
beta-glucosidase [Thaumarchaeota archaeon],Thaumarchaeota archaeon,2026795,831,831,98%,0.0,55.41,767,"=HYPERLINK(""https://www.ncbi.nlm.nih.gov/protein/NHV99723.1?report=genbank&log$=prottop&blast_rank=121&RID=19RY5FJA01R"",""NHV99723.1"")"
glycoside hydrolase family 3 C-terminal domain-containing protein [Anaerolineae bacterium],Anaerolineae bacterium,2052143,821,821,96%,0.0,55.39,778,"=HYPERLINK(""https://www.ncbi.nlm.nih.gov/protein/MCC7207178.1?report=genbank&log$=prottop&blast_rank=122&RID=19RY5FJA01R"",""MCC7207178.1"")"
glycoside hydrolase family 3 C-terminal domain-containing protein [Anaerolineales bacterium],Anaerolineales bacterium,2073117,862,862,99%,0.0,55.36,785,"=HYPERLINK(""https://www.ncbi.nlm.nih.gov/protein/MBE7555965.1?report=genbank&log$=prottop&blast_rank=123&RID=19RY5FJA01R"",""MBE7555965.1"")"
glycoside hydrolase family 3 C-terminal domain-containing protein [Candidatus Poribacteria bacterium],Candidatus Poribacteria bacterium,2026781,880,880,99%,0.0,55.35,791,"=HYPERLINK(""https://www.ncbi.nlm.nih.gov/protein/MBI5115878.1?report=genbank&log$=prottop&blast_rank=124&RID=19RY5FJA01R"",""MBI5115878.1"")"
TPA: beta-glucosidase [Firmicutes bacterium],Firmicutes bacterium,1879010,817,817,97%,0.0,55.34,745,"=HYPERLINK(""https://www.ncbi.nlm.nih.gov/protein/HFX59527.1?report=genbank&log$=prottop&blast_rank=125&RID=19RY5FJA01R"",""HFX59527.1"")"
glycoside hydrolase family 3 C-terminal domain-containing protein [Ardenticatenaceae bacterium],Ardenticatenaceae bacterium,2614247,877,877,99%,0.0,55.33,794,"=HYPERLINK(""https://www.ncbi.nlm.nih.gov/protein/MCB8924196.1?report=genbank&log$=prottop&blast_rank=126&RID=19RY5FJA01R"",""MCB8924196.1"")"
glycoside hydrolase family 3 C-terminal domain-containing protein [Athalassotoga saccharophila],Athalassotoga saccharophila,1441386,862,862,98%,0.0,55.31,769,"=HYPERLINK(""https://www.ncbi.nlm.nih.gov/protein/WP_161847300.1?report=genbank&log$=prottop&blast_rank=127&RID=19RY5FJA01R"",""WP_161847300.1"")"
glycoside hydrolase family 3 C-terminal domain-containing protein [Alicyclobacillus kakegawensis],Alicyclobacillus kakegawensis,392012,849,849,99%,0.0,55.30,784,"=HYPERLINK(""https://www.ncbi.nlm.nih.gov/protein/WP_067935624.1?report=genbank&log$=prottop&blast_rank=128&RID=19RY5FJA01R"",""WP_067935624.1"")"
glycoside hydrolase family 3 C-terminal domain-containing protein [Candidatus Bathyarchaeota archaeon],Candidatus Bathyarchaeota archaeon,2026714,850,850,97%,0.0,55.30,752,"=HYPERLINK(""https://www.ncbi.nlm.nih.gov/protein/MBS7653749.1?report=genbank&log$=prottop&blast_rank=129&RID=19RY5FJA01R"",""MBS7653749.1"")"
beta-glucosidase [Dehalococcoidales bacterium],Dehalococcoidales bacterium,2026733,818,818,97%,0.0,55.30,766,"=HYPERLINK(""https://www.ncbi.nlm.nih.gov/protein/NLE07770.1?report=genbank&log$=prottop&blast_rank=130&RID=19RY5FJA01R"",""NLE07770.1"")"
TPA: beta-glucosidase [Armatimonadetes bacterium],Armatimonadetes bacterium,2033014,827,827,97%,0.0,55.27,755,"=HYPERLINK(""https://www.ncbi.nlm.nih.gov/protein/HHQ52270.1?report=genbank&log$=prottop&blast_rank=131&RID=19RY5FJA01R"",""HHQ52270.1"")"
beta-glucosidase [Chloroflexi bacterium],Chloroflexi bacterium,2026724,868,868,99%,0.0,55.23,791,"=HYPERLINK(""https://www.ncbi.nlm.nih.gov/protein/NLE49835.1?report=genbank&log$=prottop&blast_rank=132&RID=19RY5FJA01R"",""NLE49835.1"")"
glycoside hydrolase family 3 C-terminal domain-containing protein [Candidatus Brockarchaeota archaeon],Candidatus Brockarchaeota archaeon,2815303,851,851,99%,0.0,55.19,767,"=HYPERLINK(""https://www.ncbi.nlm.nih.gov/protein/MBO3799930.1?report=genbank&log$=prottop&blast_rank=133&RID=19RY5FJA01R"",""MBO3799930.1"")"
glycoside hydrolase family 3 C-terminal domain-containing protein [Alicyclobacillus ferrooxydans],Alicyclobacillus ferrooxydans,471514,877,877,99%,0.0,55.17,781,"=HYPERLINK(""https://www.ncbi.nlm.nih.gov/protein/WP_054971202.1?report=genbank&log$=prottop&blast_rank=134&RID=19RY5FJA01R"",""WP_054971202.1"")"
glycoside hydrolase family 3 C-terminal domain-containing protein [Candidatus Brockarchaeota archaeon],Candidatus Brockarchaeota archaeon,2815303,841,841,99%,0.0,55.13,768,"=HYPERLINK(""https://www.ncbi.nlm.nih.gov/protein/MBO3754216.1?report=genbank&log$=prottop&blast_rank=135&RID=19RY5FJA01R"",""MBO3754216.1"")"
glycoside hydrolase family 3 C-terminal domain-containing protein [Anaerolineae bacterium],Anaerolineae bacterium,2052143,852,852,98%,0.0,55.10,784,"=HYPERLINK(""https://www.ncbi.nlm.nih.gov/protein/MBN1427825.1?report=genbank&log$=prottop&blast_rank=136&RID=19RY5FJA01R"",""MBN1427825.1"")"
glycoside hydrolase family 3 C-terminal domain-containing protein [Candidatus Bathyarchaeota archaeon],Candidatus Bathyarchaeota archaeon,2026714,836,836,98%,0.0,55.08,753,"=HYPERLINK(""https://www.ncbi.nlm.nih.gov/protein/MBS7648855.1?report=genbank&log$=prottop&blast_rank=137&RID=19RY5FJA01R"",""MBS7648855.1"")"
glycoside hydrolase family 3 C-terminal domain-containing protein [Candidatus Bathyarchaeota archaeon],Candidatus Bathyarchaeota archaeon,2026714,853,853,99%,0.0,55.07,763,"=HYPERLINK(""https://www.ncbi.nlm.nih.gov/protein/MBS7642547.1?report=genbank&log$=prottop&blast_rank=138&RID=19RY5FJA01R"",""MBS7642547.1"")"
TPA: beta-glucosidase [Armatimonadetes bacterium],Armatimonadetes bacterium,2033014,825,825,97%,0.0,55.05,755,"=HYPERLINK(""https://www.ncbi.nlm.nih.gov/protein/HET64279.1?report=genbank&log$=prottop&blast_rank=139&RID=19RY5FJA01R"",""HET64279.1"")"
TPA: beta-glucosidase [Armatimonadetes bacterium],Armatimonadetes bacterium,2033014,823,823,97%,0.0,55.05,755,"=HYPERLINK(""https://www.ncbi.nlm.nih.gov/protein/HEI54072.1?report=genbank&log$=prottop&blast_rank=140&RID=19RY5FJA01R"",""HEI54072.1"")"
glycoside hydrolase family 3 C-terminal domain-containing protein [Anaerolineae bacterium],Anaerolineae bacterium,2052143,847,847,97%,0.0,55.02,779,"=HYPERLINK(""https://www.ncbi.nlm.nih.gov/protein/NUQ04378.1?report=genbank&log$=prottop&blast_rank=141&RID=19RY5FJA01R"",""NUQ04378.1"")"
glycoside hydrolase family 3 C-terminal domain-containing protein [Caldicellulosiruptor acetigenus],Caldicellulosiruptor acetigenus,301953,845,845,98%,0.0,55.01,770,"=HYPERLINK(""https://www.ncbi.nlm.nih.gov/protein/WP_013433550.1?report=genbank&log$=prottop&blast_rank=142&RID=19RY5FJA01R"",""WP_013433550.1"")"
TPA: beta-glucosidase [Candidatus Bathyarchaeota archaeon],Candidatus Bathyarchaeota archaeon,2026714,838,838,98%,0.0,54.95,754,"=HYPERLINK(""https://www.ncbi.nlm.nih.gov/protein/HHR11848.1?report=genbank&log$=prottop&blast_rank=143&RID=19RY5FJA01R"",""HHR11848.1"")"
glycoside hydrolase family 3 C-terminal domain-containing protein [Dictyoglomus turgidum],Dictyoglomus turgidum,513050,827,827,97%,0.0,54.88,762,"=HYPERLINK(""https://www.ncbi.nlm.nih.gov/protein/WP_012583217.1?report=genbank&log$=prottop&blast_rank=144&RID=19RY5FJA01R"",""WP_012583217.1"")"
glycoside hydrolase family 3 C-terminal domain-containing protein [Ardenticatenaceae bacterium],Ardenticatenaceae bacterium,2614247,828,828,99%,0.0,54.82,791,"=HYPERLINK(""https://www.ncbi.nlm.nih.gov/protein/MCB8978206.1?report=genbank&log$=prottop&blast_rank=145&RID=19RY5FJA01R"",""MCB8978206.1"")"
TPA: beta-glucosidase [Candidatus Bathyarchaeota archaeon],Candidatus Bathyarchaeota archaeon,2026714,853,853,99%,0.0,54.80,763,"=HYPERLINK(""https://www.ncbi.nlm.nih.gov/protein/HHP92658.1?report=genbank&log$=prottop&blast_rank=146&RID=19RY5FJA01R"",""HHP92658.1"")"
glycoside hydrolase family 3 C-terminal domain-containing protein [Alicyclobacillus],Alicyclobacillus,29330,840,840,99%,0.0,54.78,777,"=HYPERLINK(""https://www.ncbi.nlm.nih.gov/protein/WP_072874005.1?report=genbank&log$=prottop&blast_rank=147&RID=19RY5FJA01R"",""WP_072874005.1"")"
glycoside hydrolase family 3 C-terminal domain-containing protein [Anaerolineae bacterium],Anaerolineae bacterium,2052143,848,848,97%,0.0,54.77,779,"=HYPERLINK(""https://www.ncbi.nlm.nih.gov/protein/MBL8133135.1?report=genbank&log$=prottop&blast_rank=148&RID=19RY5FJA01R"",""MBL8133135.1"")"
beta-glucosidase [Dictyoglomus turgidum],Dictyoglomus turgidum,513050,823,823,97%,0.0,54.75,762,"=HYPERLINK(""https://www.ncbi.nlm.nih.gov/protein/PNV80185.1?report=genbank&log$=prottop&blast_rank=149&RID=19RY5FJA01R"",""PNV80185.1"")"
glycoside hydrolase family 3 C-terminal domain-containing protein [Anaerolineae bacterium],Anaerolineae bacterium,2052143,861,861,98%,0.0,54.74,784,"=HYPERLINK(""https://www.ncbi.nlm.nih.gov/protein/MCC6802362.1?report=genbank&log$=prottop&blast_rank=150&RID=19RY5FJA01R"",""MCC6802362.1"")"
glycoside hydrolase family 3 C-terminal domain-containing protein [Deltaproteobacteria bacterium],Deltaproteobacteria bacterium,2026735,835,835,98%,0.0,54.74,788,"=HYPERLINK(""https://www.ncbi.nlm.nih.gov/protein/MBI1815632.1?report=genbank&log$=prottop&blast_rank=151&RID=19RY5FJA01R"",""MBI1815632.1"")"
glycoside hydrolase family 3 domain protein [Candidatus Vecturithrix granuli],Candidatus Vecturithrix granuli,1499967,853,853,99%,0.0,54.72,791,"=HYPERLINK(""https://www.ncbi.nlm.nih.gov/protein/GAK55512.1?report=genbank&log$=prottop&blast_rank=152&RID=19RY5FJA01R"",""GAK55512.1"")"
TPA: beta-glucosidase [Firmicutes bacterium],Firmicutes bacterium,1879010,817,817,98%,0.0,54.71,751,"=HYPERLINK(""https://www.ncbi.nlm.nih.gov/protein/HFV11953.1?report=genbank&log$=prottop&blast_rank=153&RID=19RY5FJA01R"",""HFV11953.1"")"
glycoside hydrolase family 3 domain protein [Candidatus Moduliflexus flocculans],Candidatus Moduliflexus flocculans,1499966,857,857,99%,0.0,54.71,781,"=HYPERLINK(""https://www.ncbi.nlm.nih.gov/protein/GAK49707.1?report=genbank&log$=prottop&blast_rank=154&RID=19RY5FJA01R"",""GAK49707.1"")"
TPA: beta-glucosidase [Candidatus Bathyarchaeota archaeon],Candidatus Bathyarchaeota archaeon,2026714,848,848,99%,0.0,54.71,759,"=HYPERLINK(""https://www.ncbi.nlm.nih.gov/protein/HHN45754.1?report=genbank&log$=prottop&blast_rank=155&RID=19RY5FJA01R"",""HHN45754.1"")"
glycoside hydrolase family 3 C-terminal domain-containing protein [Actinomycetia bacterium],Actinomycetia bacterium,1883427,871,871,98%,0.0,54.67,782,"=HYPERLINK(""https://www.ncbi.nlm.nih.gov/protein/MCD4669112.1?report=genbank&log$=prottop&blast_rank=156&RID=19RY5FJA01R"",""MCD4669112.1"")"
glycoside hydrolase family 3 C-terminal domain-containing protein [Candidatus Bathyarchaeota archaeon],Candidatus Bathyarchaeota archaeon,2026714,850,850,98%,0.0,54.62,754,"=HYPERLINK(""https://www.ncbi.nlm.nih.gov/protein/MCD6592580.1?report=genbank&log$=prottop&blast_rank=157&RID=19RY5FJA01R"",""MCD6592580.1"")"
glycoside hydrolase family 3 C-terminal domain-containing protein [Burkholderiales bacterium],Burkholderiales bacterium,1891238,853,853,99%,0.0,54.58,787,"=HYPERLINK(""https://www.ncbi.nlm.nih.gov/protein/MBC7810772.1?report=genbank&log$=prottop&blast_rank=158&RID=19RY5FJA01R"",""MBC7810772.1"")"
glycoside hydrolase family 3 C-terminal domain-containing protein [Chloroflexi bacterium],Chloroflexi bacterium,2026724,847,847,97%,0.0,54.57,779,"=HYPERLINK(""https://www.ncbi.nlm.nih.gov/protein/MBK8027565.1?report=genbank&log$=prottop&blast_rank=159&RID=19RY5FJA01R"",""MBK8027565.1"")"
glycoside hydrolase family 3 C-terminal domain-containing protein [Caldilineaceae bacterium],Caldilineaceae bacterium,2614250,864,864,99%,0.0,54.53,790,"=HYPERLINK(""https://www.ncbi.nlm.nih.gov/protein/MBX2998292.1?report=genbank&log$=prottop&blast_rank=160&RID=19RY5FJA01R"",""MBX2998292.1"")"
glycoside hydrolase family 3 C-terminal domain-containing protein [Caldicellulosiruptor acetigenus],Caldicellulosiruptor acetigenus,301953,836,836,98%,0.0,54.50,770,"=HYPERLINK(""https://www.ncbi.nlm.nih.gov/protein/WP_014041763.1?report=genbank&log$=prottop&blast_rank=161&RID=19RY5FJA01R"",""WP_014041763.1"")"
glycoside hydrolase family 3 C-terminal domain-containing protein [Candidatus Bathyarchaeota archaeon],Candidatus Bathyarchaeota archaeon,2026714,834,834,98%,0.0,54.46,758,"=HYPERLINK(""https://www.ncbi.nlm.nih.gov/protein/MBS7606289.1?report=genbank&log$=prottop&blast_rank=162&RID=19RY5FJA01R"",""MBS7606289.1"")"
TPA: beta-glucosidase [Candidatus Bathyarchaeota archaeon],Candidatus Bathyarchaeota archaeon,2026714,844,844,99%,0.0,54.45,759,"=HYPERLINK(""https://www.ncbi.nlm.nih.gov/protein/HHG28068.1?report=genbank&log$=prottop&blast_rank=163&RID=19RY5FJA01R"",""HHG28068.1"")"
glycoside hydrolase family 3 C-terminal domain-containing protein [Anaerolineae bacterium],Anaerolineae bacterium,2052143,825,825,97%,0.0,54.45,767,"=HYPERLINK(""https://www.ncbi.nlm.nih.gov/protein/MBN1566196.1?report=genbank&log$=prottop&blast_rank=164&RID=19RY5FJA01R"",""MBN1566196.1"")"
beta-xylosidase [candidate division MSBL1 archaeon SCGC-AAA259A05],candidate division MSBL1 archaeon SCGC-AAA259A05,1698259,833,833,99%,0.0,54.42,773,"=HYPERLINK(""https://www.ncbi.nlm.nih.gov/protein/KXA91690.1?report=genbank&log$=prottop&blast_rank=165&RID=19RY5FJA01R"",""KXA91690.1"")"
glycoside hydrolase family 3 C-terminal domain-containing protein [Anaerolineae bacterium],Anaerolineae bacterium,2052143,858,858,99%,0.0,54.41,783,"=HYPERLINK(""https://www.ncbi.nlm.nih.gov/protein/MBN1311591.1?report=genbank&log$=prottop&blast_rank=166&RID=19RY5FJA01R"",""MBN1311591.1"")"
glycoside hydrolase family 3 C-terminal domain-containing protein [Caldicellulosiruptor acetigenus],Caldicellulosiruptor acetigenus,301953,834,834,98%,0.0,54.37,770,"=HYPERLINK(""https://www.ncbi.nlm.nih.gov/protein/WP_029228455.1?report=genbank&log$=prottop&blast_rank=167&RID=19RY5FJA01R"",""WP_029228455.1"")"
glycoside hydrolase family 3 C-terminal domain-containing protein [Caldicellulosiruptor sp. F32],Caldicellulosiruptor sp. F32,1214564,831,831,98%,0.0,54.37,770,"=HYPERLINK(""https://www.ncbi.nlm.nih.gov/protein/WP_039765014.1?report=genbank&log$=prottop&blast_rank=168&RID=19RY5FJA01R"",""WP_039765014.1"")"
glycoside hydrolase family 3 C-terminal domain-containing protein [Caldicellulosiruptor saccharolyticus],Caldicellulosiruptor saccharolyticus,44001,830,830,98%,0.0,54.37,770,"=HYPERLINK(""https://www.ncbi.nlm.nih.gov/protein/WP_011916159.1?report=genbank&log$=prottop&blast_rank=169&RID=19RY5FJA01R"",""WP_011916159.1"")"
glycoside hydrolase family 3 C-terminal domain-containing protein [Candidatus Bathyarchaeota archaeon],Candidatus Bathyarchaeota archaeon,2026714,819,819,97%,0.0,54.37,736,"=HYPERLINK(""https://www.ncbi.nlm.nih.gov/protein/MCD6470733.1?report=genbank&log$=prottop&blast_rank=170&RID=19RY5FJA01R"",""MCD6470733.1"")"
glycoside hydrolase family 3 C-terminal domain-containing protein [Anaerolinea sp. 'rifampicinis'],Anaerolinea sp. 'rifampicinis',2710758,852,852,99%,0.0,54.36,782,"=HYPERLINK(""https://www.ncbi.nlm.nih.gov/protein/WP_195172639.1?report=genbank&log$=prottop&blast_rank=171&RID=19RY5FJA01R"",""WP_195172639.1"")"
glycoside hydrolase family 3 C-terminal domain-containing protein [Anaerolineae bacterium],Anaerolineae bacterium,2052143,852,852,97%,0.0,54.36,783,"=HYPERLINK(""https://www.ncbi.nlm.nih.gov/protein/MBN8618707.1?report=genbank&log$=prottop&blast_rank=172&RID=19RY5FJA01R"",""MBN8618707.1"")"
glycoside hydrolase family 3 C-terminal domain-containing protein [Anaerolineae bacterium],Anaerolineae bacterium,2052143,852,852,97%,0.0,54.36,783,"=HYPERLINK(""https://www.ncbi.nlm.nih.gov/protein/MBL8119311.1?report=genbank&log$=prottop&blast_rank=173&RID=19RY5FJA01R"",""MBL8119311.1"")"
glycoside hydrolase family 3 C-terminal domain-containing protein [Anaerolineae bacterium],Anaerolineae bacterium,2052143,874,874,99%,0.0,54.35,783,"=HYPERLINK(""https://www.ncbi.nlm.nih.gov/protein/MBX3066285.1?report=genbank&log$=prottop&blast_rank=174&RID=19RY5FJA01R"",""MBX3066285.1"")"
glycoside hydrolase family 3 C-terminal domain-containing protein [Thermoproteales archaeon],Thermoproteales archaeon,2268205,830,830,98%,0.0,54.35,759,"=HYPERLINK(""https://www.ncbi.nlm.nih.gov/protein/MCD6358019.1?report=genbank&log$=prottop&blast_rank=175&RID=19RY5FJA01R"",""MCD6358019.1"")"
TPA: beta-glucosidase [Candidatus Bathyarchaeota archaeon],Candidatus Bathyarchaeota archaeon,2026714,853,853,99%,0.0,54.33,759,"=HYPERLINK(""https://www.ncbi.nlm.nih.gov/protein/HGM91344.1?report=genbank&log$=prottop&blast_rank=176&RID=19RY5FJA01R"",""HGM91344.1"")"
glycoside hydrolase family 3 C-terminal domain-containing protein [Chloroflexi bacterium],Chloroflexi bacterium,2026724,867,867,99%,0.0,54.30,791,"=HYPERLINK(""https://www.ncbi.nlm.nih.gov/protein/MBK8137993.1?report=genbank&log$=prottop&blast_rank=177&RID=19RY5FJA01R"",""MBK8137993.1"")"
glycoside hydrolase family 3 C-terminal domain-containing protein [Alicyclobacillus hesperidum],Alicyclobacillus hesperidum,89784,841,841,98%,0.0,54.30,789,"=HYPERLINK(""https://www.ncbi.nlm.nih.gov/protein/WP_006446173.1?report=genbank&log$=prottop&blast_rank=178&RID=19RY5FJA01R"",""WP_006446173.1"")"
glycoside hydrolase family 3 C-terminal domain-containing protein [Caldicellulosiruptor morganii],Caldicellulosiruptor morganii,1387555,837,837,98%,0.0,54.28,770,"=HYPERLINK(""https://www.ncbi.nlm.nih.gov/protein/WP_045170495.1?report=genbank&log$=prottop&blast_rank=179&RID=19RY5FJA01R"",""WP_045170495.1"")"
beta-glucosidase [Chloroflexi bacterium],Chloroflexi bacterium,2026724,844,844,99%,0.0,54.27,805,"=HYPERLINK(""https://www.ncbi.nlm.nih.gov/protein/NOZ28832.1?report=genbank&log$=prottop&blast_rank=180&RID=19RY5FJA01R"",""NOZ28832.1"")"
glycoside hydrolase family 3 C-terminal domain-containing protein [Caldicellulosiruptor changbaiensis],Caldicellulosiruptor changbaiensis,1222016,839,839,98%,0.0,54.24,770,"=HYPERLINK(""https://www.ncbi.nlm.nih.gov/protein/WP_127352632.1?report=genbank&log$=prottop&blast_rank=181&RID=19RY5FJA01R"",""WP_127352632.1"")"
beta-glucosidase [Chloroflexia bacterium SDU3-3],Chloroflexia bacterium SDU3-3,2651839,835,835,98%,0.0,54.23,788,"=HYPERLINK(""https://www.ncbi.nlm.nih.gov/protein/KAB8142721.1?report=genbank&log$=prottop&blast_rank=182&RID=19RY5FJA01R"",""KAB8142721.1"")"
glycoside hydrolase family 3 C-terminal domain-containing protein [Anaerolineae bacterium],Anaerolineae bacterium,2052143,867,867,97%,0.0,54.23,778,"=HYPERLINK(""https://www.ncbi.nlm.nih.gov/protein/MCC7445990.1?report=genbank&log$=prottop&blast_rank=183&RID=19RY5FJA01R"",""MCC7445990.1"")"
TPA: beta-glucosidase [Candidatus Bathyarchaeota archaeon],Candidatus Bathyarchaeota archaeon,2026714,843,843,99%,0.0,54.21,767,"=HYPERLINK(""https://www.ncbi.nlm.nih.gov/protein/HGT92038.1?report=genbank&log$=prottop&blast_rank=184&RID=19RY5FJA01R"",""HGT92038.1"")"
glycoside hydrolase family 3 C-terminal domain-containing protein [Alicyclobacillus mali],Alicyclobacillus mali,1123961,818,818,98%,0.0,54.19,779,"=HYPERLINK(""https://www.ncbi.nlm.nih.gov/protein/WP_156468398.1?report=genbank&log$=prottop&blast_rank=185&RID=19RY5FJA01R"",""WP_156468398.1"")"
glycoside hydrolase family 3 C-terminal domain-containing protein [Anaerolineae bacterium],Anaerolineae bacterium,2052143,854,854,98%,0.0,54.16,787,"=HYPERLINK(""https://www.ncbi.nlm.nih.gov/protein/MBN2304781.1?report=genbank&log$=prottop&blast_rank=186&RID=19RY5FJA01R"",""MBN2304781.1"")"
glycoside hydrolase family 3 C-terminal domain-containing protein [Caldicellulosiruptor kronotskyensis],Caldicellulosiruptor kronotskyensis,413889,836,836,98%,0.0,54.16,770,"=HYPERLINK(""https://www.ncbi.nlm.nih.gov/protein/WP_013429254.1?report=genbank&log$=prottop&blast_rank=187&RID=19RY5FJA01R"",""WP_013429254.1"")"
TPA: beta-glucosidase [Candidatus Desantisbacteria bacterium],Candidatus Desantisbacteria bacterium,2282144,827,827,99%,0.0,54.16,756,"=HYPERLINK(""https://www.ncbi.nlm.nih.gov/protein/HHS24689.1?report=genbank&log$=prottop&blast_rank=188&RID=19RY5FJA01R"",""HHS24689.1"")"
glycoside hydrolase family 3 C-terminal domain-containing protein [Anaerolineae bacterium],Anaerolineae bacterium,2052143,866,866,99%,0.0,54.15,785,"=HYPERLINK(""https://www.ncbi.nlm.nih.gov/protein/MBX3085720.1?report=genbank&log$=prottop&blast_rank=189&RID=19RY5FJA01R"",""MBX3085720.1"")"
beta-glucosidase [Chloroflexi bacterium],Chloroflexi bacterium,2026724,836,836,99%,0.0,54.15,791,"=HYPERLINK(""https://www.ncbi.nlm.nih.gov/protein/NLX09983.1?report=genbank&log$=prottop&blast_rank=190&RID=19RY5FJA01R"",""NLX09983.1"")"
glycoside hydrolase family 3 C-terminal domain-containing protein [Caldicellulosiruptor naganoensis],Caldicellulosiruptor naganoensis,29324,824,824,98%,0.0,54.11,770,"=HYPERLINK(""https://www.ncbi.nlm.nih.gov/protein/WP_045166223.1?report=genbank&log$=prottop&blast_rank=191&RID=19RY5FJA01R"",""WP_045166223.1"")"
glycoside hydrolase family 3 C-terminal domain-containing protein [Candidatus Bathyarchaeota archaeon],Candidatus Bathyarchaeota archaeon,2026714,845,845,98%,0.0,54.10,754,"=HYPERLINK(""https://www.ncbi.nlm.nih.gov/protein/MCD6089242.1?report=genbank&log$=prottop&blast_rank=192&RID=19RY5FJA01R"",""MCD6089242.1"")"
glycoside hydrolase family 3 C-terminal domain-containing protein [Dictyoglomus thermophilum],Dictyoglomus thermophilum,14,823,823,97%,0.0,54.09,762,"=HYPERLINK(""https://www.ncbi.nlm.nih.gov/protein/WP_012548073.1?report=genbank&log$=prottop&blast_rank=193&RID=19RY5FJA01R"",""WP_012548073.1"")"
glycoside hydrolase family 3 C-terminal domain-containing protein [Alicyclobacillus hesperidum],Alicyclobacillus hesperidum,89784,838,838,98%,0.0,54.04,789,"=HYPERLINK(""https://www.ncbi.nlm.nih.gov/protein/WP_074693551.1?report=genbank&log$=prottop&blast_rank=194&RID=19RY5FJA01R"",""WP_074693551.1"")"
beta-glucosidase [Chloroflexi bacterium],Chloroflexi bacterium,2026724,837,837,99%,0.0,54.02,785,"=HYPERLINK(""https://www.ncbi.nlm.nih.gov/protein/TAH53713.1?report=genbank&log$=prottop&blast_rank=195&RID=19RY5FJA01R"",""TAH53713.1"")"
glycoside hydrolase family 3 C-terminal domain-containing protein [Candidatus Bathyarchaeota archaeon],Candidatus Bathyarchaeota archaeon,2026714,837,837,99%,0.0,54.00,759,"=HYPERLINK(""https://www.ncbi.nlm.nih.gov/protein/MBS7611233.1?report=genbank&log$=prottop&blast_rank=196&RID=19RY5FJA01R"",""MBS7611233.1"")"
glycoside hydrolase family 3 C-terminal domain-containing protein [Anaerolineaceae bacterium],Anaerolineaceae bacterium,2024896,840,840,99%,0.0,53.97,782,"=HYPERLINK(""https://www.ncbi.nlm.nih.gov/protein/MBK7894519.1?report=genbank&log$=prottop&blast_rank=197&RID=19RY5FJA01R"",""MBK7894519.1"")"
glycoside hydrolase family 3 C-terminal domain-containing protein [Roseiflexus castenholzii],Roseiflexus castenholzii,120962,839,839,99%,0.0,53.97,790,"=HYPERLINK(""https://www.ncbi.nlm.nih.gov/protein/WP_012119446.1?report=genbank&log$=prottop&blast_rank=198&RID=19RY5FJA01R"",""WP_012119446.1"")"
glycoside hydrolase family 3 C-terminal domain-containing protein [Anaerolinea sp.],Anaerolinea sp.,1872519,820,820,97%,0.0,53.97,781,"=HYPERLINK(""https://www.ncbi.nlm.nih.gov/protein/MBE2266877.1?report=genbank&log$=prottop&blast_rank=199&RID=19RY5FJA01R"",""MBE2266877.1"")"
TPA: beta-glucosidase [Dictyoglomus thermophilum],Dictyoglomus thermophilum,14,822,822,97%,0.0,53.96,762,"=HYPERLINK(""https://www.ncbi.nlm.nih.gov/protein/HEI44641.1?report=genbank&log$=prottop&blast_rank=200&RID=19RY5FJA01R"",""HEI44641.1"")"
glycoside hydrolase family 3 C-terminal domain-containing protein [Alicyclobacillus mali],Alicyclobacillus mali,1123961,820,820,98%,0.0,53.94,779,"=HYPERLINK(""https://www.ncbi.nlm.nih.gov/protein/MBF8378422.1?report=genbank&log$=prottop&blast_rank=201&RID=19RY5FJA01R"",""MBF8378422.1"")"
glycoside hydrolase family 3 C-terminal domain-containing protein [Caldilineaceae bacterium],Caldilineaceae bacterium,2614250,829,829,98%,0.0,53.93,789,"=HYPERLINK(""https://www.ncbi.nlm.nih.gov/protein/MBW7884101.1?report=genbank&log$=prottop&blast_rank=202&RID=19RY5FJA01R"",""MBW7884101.1"")"
glycoside hydrolase family 3 C-terminal domain-containing protein [Candidatus Bathyarchaeota archaeon],Candidatus Bathyarchaeota archaeon,2026714,835,835,99%,0.0,53.88,759,"=HYPERLINK(""https://www.ncbi.nlm.nih.gov/protein/MBS7617492.1?report=genbank&log$=prottop&blast_rank=203&RID=19RY5FJA01R"",""MBS7617492.1"")"
glycoside hydrolase family 3 C-terminal domain-containing protein [Anaerolineae bacterium],Anaerolineae bacterium,2052143,842,842,98%,0.0,53.85,783,"=HYPERLINK(""https://www.ncbi.nlm.nih.gov/protein/MBZ0279968.1?report=genbank&log$=prottop&blast_rank=204&RID=19RY5FJA01R"",""MBZ0279968.1"")"
TPA: beta-glucosidase [Candidatus Bathyarchaeota archaeon],Candidatus Bathyarchaeota archaeon,2026714,838,838,99%,0.0,53.82,759,"=HYPERLINK(""https://www.ncbi.nlm.nih.gov/protein/HGU92634.1?report=genbank&log$=prottop&blast_rank=205&RID=19RY5FJA01R"",""HGU92634.1"")"
beta-glucosidase [Roseiflexus castenholzii],Roseiflexus castenholzii,120962,827,827,99%,0.0,53.77,790,"=HYPERLINK(""https://www.ncbi.nlm.nih.gov/protein/PMP76923.1?report=genbank&log$=prottop&blast_rank=206&RID=19RY5FJA01R"",""PMP76923.1"")"
beta-glucosidase [Anaerolineaceae bacterium],Anaerolineaceae bacterium,2024896,842,842,99%,0.0,53.71,781,"=HYPERLINK(""https://www.ncbi.nlm.nih.gov/protein/MBI1281511.1?report=genbank&log$=prottop&blast_rank=207&RID=19RY5FJA01R"",""MBI1281511.1"")"
beta-glucosidase [Chloroflexi bacterium],Chloroflexi bacterium,2026724,826,826,96%,0.0,53.68,760,"=HYPERLINK(""https://www.ncbi.nlm.nih.gov/protein/RMG62866.1?report=genbank&log$=prottop&blast_rank=208&RID=19RY5FJA01R"",""RMG62866.1"")"
glycoside hydrolase family 3 C-terminal domain-containing protein [Anaerolineales bacterium],Anaerolineales bacterium,2073117,847,847,99%,0.0,53.64,785,"=HYPERLINK(""https://www.ncbi.nlm.nih.gov/protein/MBE7469987.1?report=genbank&log$=prottop&blast_rank=209&RID=19RY5FJA01R"",""MBE7469987.1"")"
beta-glucosidase [Candidatus Thermofonsia Clade 3 bacterium],Candidatus Thermofonsia Clade 3 bacterium,2364212,824,824,96%,0.0,53.55,760,"=HYPERLINK(""https://www.ncbi.nlm.nih.gov/protein/PJF46683.1?report=genbank&log$=prottop&blast_rank=210&RID=19RY5FJA01R"",""PJF46683.1"")"
glycoside hydrolase family 3 C-terminal domain-containing protein [Alicyclobacillus tengchongensis],Alicyclobacillus tengchongensis,368812,839,839,98%,0.0,53.46,789,"=HYPERLINK(""https://www.ncbi.nlm.nih.gov/protein/WP_232302320.1?report=genbank&log$=prottop&blast_rank=211&RID=19RY5FJA01R"",""WP_232302320.1"")"
beta-xylosidase [Alicyclobacillus tengchongensis],Alicyclobacillus tengchongensis,368812,838,838,98%,0.0,53.46,790,"=HYPERLINK(""https://www.ncbi.nlm.nih.gov/protein/KRW91389.1?report=genbank&log$=prottop&blast_rank=212&RID=19RY5FJA01R"",""KRW91389.1"")"
beta-glucosidase [Candidatus Thermofonsia Clade 2 bacterium],Candidatus Thermofonsia Clade 2 bacterium,2364211,852,852,98%,0.0,53.43,786,"=HYPERLINK(""https://www.ncbi.nlm.nih.gov/protein/PJF43589.1?report=genbank&log$=prottop&blast_rank=213&RID=19RY5FJA01R"",""PJF43589.1"")"
beta-glucosidase [Chloroflexi bacterium RBG_16_56_8],Chloroflexi bacterium RBG_16_56_8,1797650,841,841,99%,0.0,53.43,775,"=HYPERLINK(""https://www.ncbi.nlm.nih.gov/protein/OGO38026.1?report=genbank&log$=prottop&blast_rank=214&RID=19RY5FJA01R"",""OGO38026.1"")"
glycoside hydrolase family 3 C-terminal domain-containing protein [Caldilineaceae bacterium],Caldilineaceae bacterium,2614250,820,820,99%,0.0,53.42,793,"=HYPERLINK(""https://www.ncbi.nlm.nih.gov/protein/MBP7962819.1?report=genbank&log$=prottop&blast_rank=215&RID=19RY5FJA01R"",""MBP7962819.1"")"
glycoside hydrolase family 3 C-terminal domain-containing protein [Candidatus Bathyarchaeota archaeon],Candidatus Bathyarchaeota archaeon,2026714,834,834,98%,0.0,53.33,753,"=HYPERLINK(""https://www.ncbi.nlm.nih.gov/protein/MBS7609507.1?report=genbank&log$=prottop&blast_rank=216&RID=19RY5FJA01R"",""MBS7609507.1"")"
TPA: beta-glucosidase [Chloroflexi bacterium],Chloroflexi bacterium,2026724,840,840,99%,0.0,53.21,789,"=HYPERLINK(""https://www.ncbi.nlm.nih.gov/protein/HAJ36945.1?report=genbank&log$=prottop&blast_rank=217&RID=19RY5FJA01R"",""HAJ36945.1"")"
beta-glucosidase [Clostridiaceae bacterium],Clostridiaceae bacterium,1898204,828,828,99%,0.0,53.16,789,"=HYPERLINK(""https://www.ncbi.nlm.nih.gov/protein/NLN46343.1?report=genbank&log$=prottop&blast_rank=218&RID=19RY5FJA01R"",""NLN46343.1"")"
glycoside hydrolase family 3 C-terminal domain-containing protein [Chloroflexi bacterium],Chloroflexi bacterium,2026724,830,830,96%,0.0,53.14,778,"=HYPERLINK(""https://www.ncbi.nlm.nih.gov/protein/MBI5929734.1?report=genbank&log$=prottop&blast_rank=219&RID=19RY5FJA01R"",""MBI5929734.1"")"
glycoside hydrolase family 3 C-terminal domain-containing protein [Thermoflexales bacterium],Thermoflexales bacterium,2497639,851,851,99%,0.0,53.13,784,"=HYPERLINK(""https://www.ncbi.nlm.nih.gov/protein/MBN1887613.1?report=genbank&log$=prottop&blast_rank=220&RID=19RY5FJA01R"",""MBN1887613.1"")"
glycoside hydrolase family 3 C-terminal domain-containing protein [Chloroflexi bacterium],Chloroflexi bacterium,2026724,835,835,97%,0.0,53.12,786,"=HYPERLINK(""https://www.ncbi.nlm.nih.gov/protein/MBI5960479.1?report=genbank&log$=prottop&blast_rank=221&RID=19RY5FJA01R"",""MBI5960479.1"")"
glycoside hydrolase family 3 C-terminal domain-containing protein [Anaerolineales bacterium],Anaerolineales bacterium,2073117,832,832,99%,0.0,53.08,783,"=HYPERLINK(""https://www.ncbi.nlm.nih.gov/protein/MCA9918438.1?report=genbank&log$=prottop&blast_rank=222&RID=19RY5FJA01R"",""MCA9918438.1"")"
glycoside hydrolase family 3 C-terminal domain-containing protein [Chloroflexi bacterium],Chloroflexi bacterium,2026724,830,830,99%,0.0,53.06,790,"=HYPERLINK(""https://www.ncbi.nlm.nih.gov/protein/MBK8431335.1?report=genbank&log$=prottop&blast_rank=223&RID=19RY5FJA01R"",""MBK8431335.1"")"
glycoside hydrolase family 3 C-terminal domain-containing protein [Anaerolineae bacterium],Anaerolineae bacterium,2052143,837,837,96%,0.0,53.04,779,"=HYPERLINK(""https://www.ncbi.nlm.nih.gov/protein/MBN1313656.1?report=genbank&log$=prottop&blast_rank=224&RID=19RY5FJA01R"",""MBN1313656.1"")"
glycoside hydrolase family 3 C-terminal domain-containing protein [Caldilineaceae bacterium],Caldilineaceae bacterium,2614250,818,818,98%,0.0,53.02,789,"=HYPERLINK(""https://www.ncbi.nlm.nih.gov/protein/MCB9137073.1?report=genbank&log$=prottop&blast_rank=225&RID=19RY5FJA01R"",""MCB9137073.1"")"
glycoside hydrolase family 3 C-terminal domain-containing protein [Clostridia bacterium],Clostridia bacterium,2044939,828,828,98%,0.0,53.01,786,"=HYPERLINK(""https://www.ncbi.nlm.nih.gov/protein/MBP7402958.1?report=genbank&log$=prottop&blast_rank=226&RID=19RY5FJA01R"",""MBP7402958.1"")"
beta-glucosidase [Chloroflexi bacterium],Chloroflexi bacterium,2026724,830,830,99%,0.0,53.00,780,"=HYPERLINK(""https://www.ncbi.nlm.nih.gov/protein/NDJ75940.1?report=genbank&log$=prottop&blast_rank=227&RID=19RY5FJA01R"",""NDJ75940.1"")"
glycoside hydrolase family 3 C-terminal domain-containing protein [Caldicellulosiruptor obsidiansis],Caldicellulosiruptor obsidiansis,717609,826,826,98%,0.0,52.90,771,"=HYPERLINK(""https://www.ncbi.nlm.nih.gov/protein/WP_013291369.1?report=genbank&log$=prottop&blast_rank=228&RID=19RY5FJA01R"",""WP_013291369.1"")"
glycoside hydrolase family 3 C-terminal domain-containing protein [Caldicellulosiruptor owensensis],Caldicellulosiruptor owensensis,55205,826,826,98%,0.0,52.90,771,"=HYPERLINK(""https://www.ncbi.nlm.nih.gov/protein/WP_013412915.1?report=genbank&log$=prottop&blast_rank=229&RID=19RY5FJA01R"",""WP_013412915.1"")"
beta-glucosidase [Chloroflexi bacterium],Chloroflexi bacterium,2026724,839,839,98%,0.0,52.90,777,"=HYPERLINK(""https://www.ncbi.nlm.nih.gov/protein/MBI1257818.1?report=genbank&log$=prottop&blast_rank=230&RID=19RY5FJA01R"",""MBI1257818.1"")"
TPA: beta-glucosidase [Caldicellulosiruptor owensensis],Caldicellulosiruptor owensensis,55205,829,829,98%,0.0,52.70,771,"=HYPERLINK(""https://www.ncbi.nlm.nih.gov/protein/HGQ52365.1?report=genbank&log$=prottop&blast_rank=231&RID=19RY5FJA01R"",""HGQ52365.1"")"
glycoside hydrolase family 3 C-terminal domain-containing protein [Caldicellulosiruptor bescii],Caldicellulosiruptor bescii,31899,823,823,98%,0.0,52.65,771,"=HYPERLINK(""https://www.ncbi.nlm.nih.gov/protein/WP_015908678.1?report=genbank&log$=prottop&blast_rank=232&RID=19RY5FJA01R"",""WP_015908678.1"")"
glycoside hydrolase family 3 C-terminal domain-containing protein [Caldicellulosiruptor diazotrophicus],Caldicellulosiruptor diazotrophicus,2806205,822,822,98%,0.0,52.65,771,"=HYPERLINK(""https://www.ncbi.nlm.nih.gov/protein/WP_207180412.1?report=genbank&log$=prottop&blast_rank=233&RID=19RY5FJA01R"",""WP_207180412.1"")"
glycoside hydrolase family 3 C-terminal domain-containing protein [Anaerolineae bacterium],Anaerolineae bacterium,2052143,822,822,98%,0.0,52.56,794,"=HYPERLINK(""https://www.ncbi.nlm.nih.gov/protein/MCB0193003.1?report=genbank&log$=prottop&blast_rank=234&RID=19RY5FJA01R"",""MCB0193003.1"")"
glycoside hydrolase family 3 C-terminal domain-containing protein [Caldicellulosiruptor hydrothermalis],Caldicellulosiruptor hydrothermalis,413888,822,822,98%,0.0,52.52,771,"=HYPERLINK(""https://www.ncbi.nlm.nih.gov/protein/WP_013402140.1?report=genbank&log$=prottop&blast_rank=235&RID=19RY5FJA01R"",""WP_013402140.1"")"
glycoside hydrolase family 3 C-terminal domain-containing protein [Anaerolineales bacterium],Anaerolineales bacterium,2073117,834,834,99%,0.0,52.41,788,"=HYPERLINK(""https://www.ncbi.nlm.nih.gov/protein/MBN2500847.1?report=genbank&log$=prottop&blast_rank=236&RID=19RY5FJA01R"",""MBN2500847.1"")"
beta-glucosidase [Candidatus Lokiarchaeota archaeon],Candidatus Lokiarchaeota archaeon,2053489,833,833,99%,0.0,52.35,817,"=HYPERLINK(""https://www.ncbi.nlm.nih.gov/protein/TFG00598.1?report=genbank&log$=prottop&blast_rank=237&RID=19RY5FJA01R"",""TFG00598.1"")"
glycoside hydrolase family 3 C-terminal domain-containing protein [Caldilineaceae bacterium],Caldilineaceae bacterium,2614250,832,832,98%,0.0,52.32,791,"=HYPERLINK(""https://www.ncbi.nlm.nih.gov/protein/MBE2239674.1?report=genbank&log$=prottop&blast_rank=238&RID=19RY5FJA01R"",""MBE2239674.1"")"
beta-glucosidase [Ignavibacteria bacterium],Ignavibacteria bacterium,2053306,832,832,99%,0.0,52.28,776,"=HYPERLINK(""https://www.ncbi.nlm.nih.gov/protein/MBM4160148.1?report=genbank&log$=prottop&blast_rank=239&RID=19RY5FJA01R"",""MBM4160148.1"")"
glycoside hydrolase family 3 C-terminal domain-containing protein [Anaerolineales bacterium],Anaerolineales bacterium,2073117,841,841,99%,0.0,52.24,786,"=HYPERLINK(""https://www.ncbi.nlm.nih.gov/protein/MCA9949527.1?report=genbank&log$=prottop&blast_rank=240&RID=19RY5FJA01R"",""MCA9949527.1"")"
glycoside hydrolase family 3 C-terminal domain-containing protein [Ardenticatenaceae bacterium],Ardenticatenaceae bacterium,2614247,828,828,99%,0.0,52.24,787,"=HYPERLINK(""https://www.ncbi.nlm.nih.gov/protein/MCB8942475.1?report=genbank&log$=prottop&blast_rank=241&RID=19RY5FJA01R"",""MCB8942475.1"")"
beta-glucosidase [Candidatus Lokiarchaeota archaeon],Candidatus Lokiarchaeota archaeon,2053489,831,831,99%,0.0,52.23,817,"=HYPERLINK(""https://www.ncbi.nlm.nih.gov/protein/TFG24669.1?report=genbank&log$=prottop&blast_rank=242&RID=19RY5FJA01R"",""TFG24669.1"")"
glycoside hydrolase family 3 C-terminal domain-containing protein [Caldilinea aerophila],Caldilinea aerophila,133453,832,832,99%,0.0,52.05,790,"=HYPERLINK(""https://www.ncbi.nlm.nih.gov/protein/WP_014431580.1?report=genbank&log$=prottop&blast_rank=243&RID=19RY5FJA01R"",""WP_014431580.1"")"
glycoside hydrolase family 3 C-terminal domain-containing protein [Caldilinea sp.],Caldilinea sp.,2293560,831,831,99%,0.0,52.05,790,"=HYPERLINK(""https://www.ncbi.nlm.nih.gov/protein/MBO9392069.1?report=genbank&log$=prottop&blast_rank=244&RID=19RY5FJA01R"",""MBO9392069.1"")"
glycoside hydrolase family 3 C-terminal domain-containing protein [Trueperaceae bacterium],Trueperaceae bacterium,2026798,822,822,99%,0.0,51.99,785,"=HYPERLINK(""https://www.ncbi.nlm.nih.gov/protein/MCA9836932.1?report=genbank&log$=prottop&blast_rank=245&RID=19RY5FJA01R"",""MCA9836932.1"")"
TPA: beta-glucosidase [Caldilinea aerophila],Caldilinea aerophila,133453,832,832,99%,0.0,51.97,790,"=HYPERLINK(""https://www.ncbi.nlm.nih.gov/protein/HDX32087.1?report=genbank&log$=prottop&blast_rank=246&RID=19RY5FJA01R"",""HDX32087.1"")"
glycoside hydrolase family 3 C-terminal domain-containing protein [Deltaproteobacteria bacterium],Deltaproteobacteria bacterium,2026735,818,818,97%,0.0,51.95,794,"=HYPERLINK(""https://www.ncbi.nlm.nih.gov/protein/MBW2229042.1?report=genbank&log$=prottop&blast_rank=247&RID=19RY5FJA01R"",""MBW2229042.1"")"
beta-glucosidase [Anaerolineaceae bacterium],Anaerolineaceae bacterium,2024896,830,830,99%,0.0,51.79,782,"=HYPERLINK(""https://www.ncbi.nlm.nih.gov/protein/MAU12804.1?report=genbank&log$=prottop&blast_rank=248&RID=19RY5FJA01R"",""MAU12804.1"")"
beta-glucosidase [Candidatus Lokiarchaeota archaeon],Candidatus Lokiarchaeota archaeon,2053489,819,819,99%,0.0,51.73,817,"=HYPERLINK(""https://www.ncbi.nlm.nih.gov/protein/NHJ25416.1?report=genbank&log$=prottop&blast_rank=249&RID=19RY5FJA01R"",""NHJ25416.1"")"
glycoside hydrolase family 3 C-terminal domain-containing protein [Anaerolineae bacterium],Anaerolineae bacterium,2052143,817,817,96%,0.0,51.71,780,"=HYPERLINK(""https://www.ncbi.nlm.nih.gov/protein/MBZ0307989.1?report=genbank&log$=prottop&blast_rank=250&RID=19RY5FJA01R"",""MBZ0307989.1"")"



		


